113,159,165,185,225,245,266,300,310,317,331,343,386,425,438,453,47,52,65,94,96
10,118,146,162,217,222,226,233,242,26,282,351,36,378,385,4,419,443,446,70,89
106,115,152,159,172,200,21,212,238,325,327,337,372,418,425,440,443,45,59,83,88
106,111,18,192,192,265,319,351,377,4,407,420,424,425,426,429,62,65,77,86,97
144,176,196,199,22,24,267,288,304,329,34,343,361,370,388,388,41,72,74,75,95
10,118,125,146,159,169,195,232,237,24,259,271,274,287,295,310,378,379,420,421,437
150,178,180,19,19,2,211,236,281,282,329,33,354,380,42,436,445,450,451,93,97
104,109,146,155,195,199,205,229,267,272,307,314,315,32,344,423,432,66,72,74,79
107,108,116,192,223,225,24,261,297,330,330,354,36,418,431,439,76,83,86,91,97
111,151,19,209,221,241,248,270,282,325,325,347,387,388,418,454,51,63,96,98,99
1,139,146,182,186,188,194,253,315,316,349,361,367,380,41,439,7,73,84,86,87
126,163,169,185,189,20,203,215,253,264,311,315,364,372,408,417,444,447,448,454,71
130,140,182,193,206,23,261,265,272,329,364,369,387,399,408,423,436,443,448,454,8
109,125,147,164,233,234,250,26,297,323,33,375,386,391,421,424,427,444,450,50,62
113,120,122,144,154,162,174,231,30,313,358,379,381,385,387,400,431,446,48,72,79
163,165,198,203,231,245,266,287,30,317,335,347,349,353,410,419,422,422,423,53,92
112,113,123,131,139,154,209,271,278,279,358,380,389,398,404,430,62,63,66,78,88
116,127,137,150,174,222,240,291,302,310,316,344,357,380,381,422,440,48,68,89,97
120,122,150,157,163,210,223,231,242,245,290,329,367,374,38,381,405,55,78,8,87
104,148,169,170,185,199,210,211,25,25,250,336,342,363,373,380,389,426,46,89,95
134,137,14,151,164,216,216,239,250,275,283,284,297,329,374,407,413,419,52,74,99
0,116,120,152,152,162,167,204,228,256,267,270,328,331,350,353,370,45,454,48,92
101,112,170,19,209,21,210,217,221,241,25,261,270,273,347,403,416,440,49,70,94
121,137,143,15,193,193,2,200,205,244,246,260,266,283,298,324,338,373,411,47,79
125,181,208,268,282,297,299,305,309,321,362,362,374,378,386,39,395,403,49,54,56
105,157,157,185,185,245,260,279,286,299,307,338,345,42,430,443,454,53,66,68,7
12,134,136,140,167,187,208,235,253,269,296,312,335,370,396,414,437,450,452,57,66
125,145,168,20,219,221,23,263,268,280,307,307,334,403,406,412,61,7,71,86,88
124,13,153,177,189,246,265,281,296,307,318,323,351,372,378,386,395,40,49,74,91
0,102,106,140,144,154,214,240,289,291,330,345,370,373,387,407,415,442,452,83,89
104,150,151,173,187,196,22,230,257,259,271,279,279,292,318,351,389,401,443,448,7
114,130,136,14,145,163,164,166,176,276,283,290,307,310,311,366,376,436,448,84,87
128,14,156,185,211,236,26,31,310,333,360,361,365,403,410,42,444,45,85,96,96
143,162,163,168,168,172,18,184,240,257,259,270,273,277,296,302,313,314,341,423,87
11,128,130,169,171,183,199,201,221,237,243,247,254,287,302,356,391,398,433,433,73
