10025,1004,10064,10159,10611,10633,10683,10785,11140,11143,11190,11226,11292,11438,11489,11561,11598,1193,1822,1847,189,1893,1902,1916,1947,198,2078,2140,2154,2408,2531,2614,2851,2888,2911,2962,2974,3047,3112,3142,3213,3213,3304,3313,3339,3471,3496,3626,3724,3774,3832,4019,4124,4150,4156,4245,4336,4345,443,4515,4653,4667,48,4889,4931,4962,5066,5096,5218,5237,5281,5326,5370,5487,5503,5629,5879,5957,615,6169,6201,6284,637,6379,652,6638,6948,6966,6970,7230,7319,7419,7434,7530,7835,8204,8272,838,8394,8395,8400,8428,8506,8777,883,8880,8947,9108,9134,9196,9277,9434,9509,9532,9579,9618,9702,9848,9863,9874,9917
10174,10280,10313,10315,10359,1037,10471,10650,10677,10835,10872,10941,10978,11006,11061,11222,11260,11270,11338,11407,11423,11445,11479,11589,1427,1440,1446,1521,1600,193,2050,2161,2438,2440,2554,2556,2748,2886,290,2911,3006,3016,3051,3203,3216,3248,3309,3365,3511,3742,3781,3882,3889,394,3967,4005,4012,4113,4131,4266,4355,4356,4382,4448,4504,4527,4684,5098,5137,5206,5280,5443,5521,5525,5611,569,5719,5734,5780,6018,6108,6195,6352,645,6573,6663,681,6920,7177,719,7227,7433,747,7483,7503,7563,7802,7899,7983,817,818,8431,8441,845,8517,8622,8788,8832,8858,8861,8944,8960,9082,9149,9192,9215,9292,9627,970,9759,997
10084,10174,10221,10336,1036,10369,10426,10438,10491,10572,10590,10817,11013,11039,11076,1114,11150,11179,11201,11293,11352,11534,11561,1241,1310,135,1599,1671,170,1855,1985,199,2024,2037,2072,2202,2205,2437,2577,2714,2791,2895,2933,3022,3042,3107,3154,3170,3184,3216,3273,3834,3894,3947,3953,4110,4166,4253,4260,4282,4416,4424,4641,4794,4834,495,4958,5020,5077,5153,5202,5216,5410,5446,5501,5678,5703,5765,5787,5931,5938,5973,5991,619,636,6416,6437,6458,6503,656,6615,6644,6742,6801,6817,6912,6915,6957,7062,7251,7275,7659,8059,807,8203,8254,8265,846,8461,8530,8577,8587,8603,8625,9063,9293,9355,9409,9695,9702,9754
1,10061,10216,10389,10659,10695,10752,10754,1077,10785,10874,10939,1098,10983,11107,11144,11241,11316,1391,1461,1531,154,1605,1769,1941,2115,2182,2205,2272,2285,2285,2285,2314,2405,2446,2558,2643,2650,266,2722,284,3046,306,309,3251,3307,3332,3510,3569,3812,3820,3856,4129,4202,435,4497,4578,4592,4908,4975,5017,5132,5137,5142,5190,5294,544,5652,5903,5957,5977,6017,626,6260,6335,6372,6388,6448,650,6600,6629,6734,6745,6797,6915,7237,7295,7305,7501,7564,7861,7887,8000,8057,8110,8118,8138,824,8253,8363,8455,8603,879,8804,8919,8976,9018,9100,9122,9242,9254,9377,9422,9467,9479,9480,954,9740,9777,9873,9901
10100,10127,10223,10431,10544,10599,10714,10773,10855,10917,11090,11124,11128,11157,1126,11322,1138,11557,1373,149,1648,1760,182,187,2129,2136,2169,2235,2273,240,240,2407,2416,2531,2561,2563,2567,2689,2697,2764,2935,2951,2960,3208,3383,3407,3566,3618,3704,3714,3845,3896,3934,396,4093,4209,4464,4609,4623,4633,4654,4792,4802,482,4852,4899,4986,5183,5361,55,561,5724,5852,5881,5902,5919,5972,6170,6343,641,6410,6420,6579,6713,6738,6809,6845,6850,6939,7019,7143,7201,726,7719,7749,7948,8121,8218,8242,8315,8317,8403,842,8567,8582,8725,8995,9043,9137,9142,9370,9437,950,9520,9528,9542,9576,9784,9848,9923,9973
10049,10050,10233,10290,10337,10369,10407,10407,10466,10558,10718,10729,1075,10825,10857,10860,10893,10926,11054,11130,11176,11337,11436,11545,1201,1305,1369,1533,1533,1716,1727,194,1959,2031,2084,2208,240,2656,2656,2800,2822,2902,2937,3106,317,3175,3279,3373,348,3568,3581,3625,3709,3714,3736,3790,4022,4218,4511,4554,4697,471,481,4831,5388,5417,556,5618,5640,5659,567,5672,5687,587,5999,6118,6128,619,6200,6278,6309,6357,637,6441,6581,6600,6666,6898,6960,7148,7177,7262,7308,7489,7614,775,7886,7923,8037,8092,8165,8235,8287,8312,8327,8486,8532,8632,869,8752,8771,8818,8872,8885,89,895,9412,9454,9742,9746,9763
10146,10218,10401,10504,1055,10591,10777,10943,11196,11379,11575,1158,11626,1276,1314,1392,1517,1553,169,1832,1868,1911,1995,2053,2063,2074,2101,2233,2285,2324,2361,2393,2644,2679,2688,2714,2915,2949,2996,300,313,3243,3316,334,3345,338,3754,3922,3925,3930,395,4282,4310,4425,4514,4538,4600,4622,4649,4658,4722,4759,4782,4839,4873,5162,5183,5187,5225,5339,545,5463,5498,5758,5778,5784,584,587,5899,6005,6043,6167,6338,6469,6662,6690,6942,6992,7152,728,7285,7381,7458,748,7492,7615,7630,7663,767,7736,7877,8008,8010,8176,8235,8236,8337,8556,8727,8977,9013,9088,9113,9115,9340,9529,9665,9733,9850,9859,9979
10141,10153,10221,10229,10453,10456,10686,10711,10793,10943,10961,11162,11244,11285,11373,11384,11418,136,1499,1509,1535,159,1746,1814,1968,1974,2119,222,2244,2266,232,2380,2511,2584,2599,2617,2775,290,3052,328,350,3575,3677,3737,3759,3855,3875,3875,3965,4045,4189,4314,4354,4364,4460,4476,4675,4738,4836,4939,505,5119,5133,5134,5296,5309,536,5389,5460,5482,5625,5751,5778,5802,5822,5897,600,6048,6089,609,6092,6311,6324,6506,6528,662,6645,6703,6754,6814,6849,7102,7208,7258,7464,7470,7848,7913,7945,7983,816,8493,8494,8536,857,8586,8793,9148,9230,9231,9357,9397,9438,9484,950,9545,9609,9610,9768,9874,9915
10019,10318,10362,10482,10505,10689,10865,10898,11132,11173,11235,114,11461,11465,1158,1263,1305,1329,143,1452,1461,1586,1659,1688,1758,1921,1986,2083,2123,2238,2341,2382,2574,2768,2855,2863,29,3102,3160,3171,3306,3349,3387,3432,3436,3483,3717,3728,3735,3743,3832,3867,3907,4023,406,4101,4120,4203,4312,4534,4573,4724,4759,4928,4945,5037,5141,5209,5234,5536,5571,5683,5817,5868,5915,5922,6119,6134,6217,6248,629,6304,6338,6362,6467,6606,664,666,6853,7324,7415,7427,7458,7462,7532,7607,7778,8007,8081,8180,8325,8424,8478,8680,872,886,8986,9023,9029,9336,935,9375,9406,9436,9477,9640,9736,974,9776,9950,9971
10078,10125,1014,10177,10257,1028,10548,10550,10721,10909,11408,11509,11522,11530,11637,1204,1377,1419,1517,1670,1675,219,2301,2412,2414,2457,2495,2562,2716,2745,2787,2808,3336,3397,3419,3427,3454,3469,3497,3525,3535,3872,3965,4031,4230,4337,4476,4530,455,4666,481,4897,4908,5016,5327,5386,5399,5652,588,5901,5937,6005,6206,6293,6359,6422,6535,6672,6815,6946,6989,7145,7151,7158,7159,7409,7424,7446,7449,7451,7560,7566,7587,7619,7661,7747,7794,793,7948,8032,8072,8196,8202,8209,8211,8267,8356,84,8477,8617,8661,8691,8724,8869,8922,8998,9038,9135,9233,9274,933,9335,9340,9561,9855,9881,9894,990,9909,9933,9974
10041,10205,10258,10315,1034,10376,10517,10566,10654,10759,11033,11118,11165,11193,11200,1121,11256,11270,1129,11303,11391,11449,11585,1271,1311,1428,1513,1649,1708,1787,1946,1952,1956,2017,2026,2048,2076,2250,2311,2344,2485,2743,2815,2914,2954,2979,2980,3007,3048,3190,3196,324,3326,3359,3412,3825,384,3939,4261,4340,4348,4559,4725,4801,4840,4865,4881,4986,5159,5236,5501,5589,5678,5709,5732,5741,5755,6005,6023,6062,6113,6259,6303,6312,6412,6414,6428,6507,6649,6716,6817,6946,6964,6994,7041,7421,7478,7503,7508,7537,7667,7859,7957,80,8002,8101,818,835,8385,8552,8627,8657,8680,8880,8946,9092,9575,9692,9796,9804,9844
10012,1003,10118,10279,10280,10358,10840,10956,10959,10988,10989,11039,11092,1124,11251,11296,1144,11543,1158,11591,135,1467,1492,1553,1665,17,1762,1885,1971,199,2000,203,2345,238,2474,2692,2790,2843,3095,3163,3251,3861,387,3996,4305,4349,4402,4412,4447,4472,4504,4904,4941,4978,4979,5000,505,508,5147,535,5500,5513,5538,5538,5587,5672,5709,5729,5747,581,5953,6011,6083,6165,623,6249,6261,6320,6611,6654,6658,6744,6937,6977,7023,7538,777,780,7806,7873,8011,8155,816,8188,8203,8208,824,8253,8375,8400,8425,8443,8472,8637,8739,8791,8907,892,8998,9091,9093,9168,9216,9533,957,9576,9611,9687,9864,9905,994
10029,10154,10177,1033,10344,10433,1044,10444,10673,10686,10779,10811,10846,10874,11035,11253,1137,11449,11633,1178,135,1471,1581,1690,1763,2009,2076,2163,2163,2324,2340,2404,2483,2595,2793,2808,2844,291,2950,3083,3113,3119,3183,3203,3225,3264,3483,3484,3667,3733,3791,3957,3968,4004,4025,4062,4087,4139,4205,4216,4286,4302,4362,4364,4396,4417,4490,46,4811,5046,5140,5269,5485,5672,5732,5853,5872,6165,6401,6435,6482,6500,6668,6795,6803,6823,6823,6854,6909,6967,6998,7037,7090,7112,713,7299,7508,7589,7596,7828,7943,8024,8132,8362,84,8401,8590,8600,861,8872,8886,9119,9184,9335,943,9432,9433,9781,985,986,9985
10056,1013,10130,10172,10225,10233,10345,10414,10470,10504,10504,10574,1091,10994,11175,1133,11399,11501,11520,1200,1398,1534,1593,1596,1636,1819,201,2143,2253,233,2366,2459,2461,2521,2601,2876,2959,2967,3012,3153,3178,3182,3280,3345,3355,3369,3426,3501,3522,3529,3634,3707,3735,3926,395,3977,3994,403,4038,4239,4360,438,4441,4523,4555,4571,4613,4614,4712,4739,4797,5062,5213,556,5573,5758,5764,5775,5851,5979,5989,6077,6117,6125,6133,6283,6343,6421,6465,6549,657,6629,6638,6837,710,7603,7620,7621,8020,8246,831,8387,851,8539,8564,8637,8703,8837,8855,8898,8905,9065,9148,9179,921,9286,9333,9393,9401,948,9935
10015,10042,10250,10289,10329,10344,1046,1052,10611,10661,10684,1074,10749,10869,109,10953,11051,11064,11269,11307,11363,11458,1165,1191,1244,1252,1306,1317,1354,141,156,1627,1686,1724,1768,2134,2175,2179,2354,2473,2748,2891,2909,3345,3368,343,3499,3624,3670,3807,388,4007,4026,4069,4137,4468,4472,4611,4640,4649,4771,4816,4971,4982,5099,5104,5267,5557,5584,5613,5784,6106,6113,612,6270,6363,6456,6483,6599,6628,6646,6753,6787,6806,6834,7092,7222,7332,7365,7377,750,7521,7611,7844,785,7882,7931,8040,8161,8212,8216,8257,8274,8279,846,8542,8573,8600,8642,8671,8856,8886,895,8996,9023,9076,9084,9612,9776,9812,9826
10014,10102,10142,10180,10404,10404,10486,10526,10594,10811,10899,10986,11064,11113,11188,11236,11284,11292,11317,11382,1152,11541,1267,1314,1350,1411,1523,1779,2019,2055,2455,2543,2762,289,29,2910,2998,308,3142,3143,3228,3587,3590,3627,3856,3897,3921,3947,4245,4251,4256,4271,4341,4347,4388,4474,4585,4756,4849,4893,4938,5155,5373,5405,5439,5469,5561,5715,5759,5800,5966,6066,6139,6162,6300,6300,6325,6446,6625,6854,6891,7055,7085,7087,7095,7171,7230,7236,7316,7404,7486,7517,7704,7786,7788,8021,8088,8105,8117,8122,8488,8609,8635,8657,8765,8766,894,9047,9077,9099,9134,9328,9329,9434,9477,9521,9643,974,9840,9891,9968
10090,10145,10195,10300,10548,10746,10789,10791,10865,10890,10966,1105,11159,11348,11489,11493,11629,1164,1236,1280,1382,1458,1561,1587,1736,175,176,1766,1847,1936,2061,2131,2193,2194,22,2248,234,2610,2713,2749,28,2845,2857,2979,3145,3602,3661,3671,3696,3750,3799,3807,395,3982,401,4190,4292,439,4519,4651,4677,4685,4768,4837,4852,5099,5171,5218,5219,5293,5300,5301,5432,550,5518,5757,5858,5913,5976,599,6087,61,628,6536,6734,6752,6869,708,7096,7176,7320,7492,7574,7586,772,7952,8074,8341,8394,8438,8439,8606,8674,8738,8830,8835,9026,9078,9172,9385,9399,9421,9423,9497,9576,9617,9668,9670,9900,9928,9981
10049,10115,1019,10197,10231,10292,10336,10374,10416,10475,10541,10543,10727,10737,10828,10857,10927,1102,11146,1123,11253,11260,11262,11280,11332,11547,1160,1182,1220,1227,1228,130,1306,1326,1349,1468,1525,1593,1606,1620,1688,1828,1862,187,1968,1970,2055,2239,2409,2426,2431,254,2627,2763,2827,2858,2877,3193,3424,3477,3603,3739,3893,3937,4008,4027,4041,4056,4186,4298,4324,4434,4448,4573,4810,4849,4880,49,5462,5502,5579,5763,585,5863,5939,6179,6199,6409,6648,6682,6721,6782,6846,6983,7014,7118,7118,741,7493,7535,759,7624,7650,776,8047,8160,8193,82,8212,8243,8357,8396,8538,8773,8992,9011,9061,9342,9433,9548,9872
10021,10118,10262,10312,10334,1046,1049,1055,10607,10842,10884,10930,11030,11046,11157,11181,11333,11477,11600,1206,124,1316,1383,1590,1608,1635,1700,1734,1816,1924,1954,2144,2147,2147,2161,2208,2213,2263,2387,240,2407,2647,2749,2778,2826,3266,3414,3467,3514,3611,3698,3920,3942,3983,4055,4098,4145,4179,4185,430,4370,4482,45,4540,4574,4637,5360,5404,5454,5466,558,5656,5909,5994,6051,606,6138,6139,6345,6364,6487,6581,6647,6654,6680,6690,6807,6857,6894,696,6982,700,7060,7175,7512,7648,7955,7999,8014,8223,8226,8354,8382,841,8470,8505,8712,8787,8796,8797,8925,8932,9001,9028,9139,9517,9525,9716,9803,9814,9861
10100,10260,10348,10353,10429,10473,1057,10602,10611,10796,10925,11055,11061,11126,11132,11202,11222,11599,11636,1724,1751,180,1846,193,1962,2088,2375,2429,246,2466,2479,2484,2555,2608,2984,2989,3082,3154,3231,3231,3269,3430,3648,368,4143,4184,4189,4273,4670,4694,4738,4826,4894,4969,5137,5223,5236,5313,5396,5421,5467,5489,5517,5723,5939,5939,5999,6002,6010,6044,6179,6317,633,6350,6396,6399,663,6712,6793,6798,6954,7081,7221,7222,7276,7405,7537,7557,7567,762,7625,7734,7794,7804,7857,7878,789,7895,7965,8028,8135,8159,8207,8343,8354,840,8412,8420,8703,8738,8904,8989,9170,9303,9392,9483,9499,9505,9566,9616,9950
10051,10120,10128,10155,10260,1036,10362,10375,10379,10403,10478,10623,10668,10673,10838,1090,10915,11097,11149,11210,11242,11349,11432,11437,11629,1222,1325,1354,1382,1604,1660,1708,1719,1733,1802,1813,1817,1866,2043,2070,2086,2090,2255,2256,2303,2468,2595,2633,2681,2880,3011,3149,3185,3226,3362,3657,3736,3835,3867,3969,404,4194,4197,4309,4448,468,474,4761,4797,4859,4980,5099,5110,5275,5412,543,5709,5777,6121,6187,6192,6279,643,6467,6476,6542,6625,6660,6724,6819,6950,702,7168,7565,7615,7737,8079,8213,8368,8529,8675,8779,8789,8935,8977,9044,9062,9144,917,9251,9288,929,93,9361,9369,9489,9513,9521,9793,9957,998
10101,10336,10375,1038,10405,10455,10512,10687,10712,1072,10766,10813,10855,10893,1098,10987,11265,11286,11384,11476,11488,11604,1196,1262,1282,1369,1402,1754,1959,1963,2006,2143,2150,2266,2266,2358,2434,2610,2828,2859,2869,290,3292,3492,3602,368,3732,3737,3754,3818,3878,3947,3987,3996,401,4019,430,4323,4364,4424,4531,4548,4743,4786,4884,5068,5286,5401,5448,551,5682,5751,577,5783,5788,5793,5930,6094,6243,6333,6386,6844,6950,7026,7265,7352,7355,7361,7497,7631,7631,7636,7716,7806,7882,8028,809,8132,8145,8470,8489,8502,8657,8676,8690,8764,8802,8935,9138,9270,9408,9453,9514,9517,9599,9630,9680,9703,9748,9880,9900
10297,10359,10391,10421,10432,10520,10525,10623,10776,10997,11062,11098,11212,11259,11307,11396,11466,11496,118,1361,1370,1478,1509,1736,1795,2113,212,2153,2319,2403,2466,2471,2534,2662,2683,2746,2833,298,3007,3093,3191,3315,3316,3585,3588,3600,3679,3680,3970,3990,4010,403,4040,4108,4129,4313,4425,4431,4467,4534,46,4680,488,4930,4935,5042,5254,5298,5509,5583,5644,5671,5725,5876,5899,5936,6009,6059,609,6158,6161,6269,6295,6301,6339,6552,6739,7071,7098,716,7421,7611,7626,7998,8048,8074,8108,8176,8337,8556,8583,8720,8872,8924,8961,8968,8983,8984,8993,901,9148,9169,922,9255,9292,9446,9630,9666,970,9904,9924
10124,10262,10392,10457,10516,10529,10569,10657,10706,10709,10717,10729,10946,10988,1101,11162,11227,1126,11321,1142,11553,11617,1162,1178,1224,1307,1443,1536,1540,1635,1734,2115,2147,2173,2242,2441,2514,2525,2547,2576,2712,3326,3453,3810,3959,3996,4020,4052,4089,427,4377,4451,460,4730,4752,4785,4808,4891,4894,4931,5039,5075,5296,5313,5340,5344,5350,5416,5441,5484,5623,5654,5729,5783,5795,5868,593,5937,5996,6050,6580,6599,6773,6915,7030,7068,7154,7409,7460,7953,800,8071,8139,8180,8227,8230,8249,8272,8329,8442,8533,8636,8668,8676,872,8751,8774,8851,8994,9079,9158,932,9346,9446,9463,9483,9549,9674,9731,9747,9862
10121,10297,10344,1037,10450,10463,10526,10529,10681,10700,11026,11102,11258,11361,11457,11458,11490,1405,1610,1611,1729,1811,1839,1879,200,2099,2150,2160,220,2291,2305,2340,2346,2745,2784,2892,308,3097,3189,3229,3264,3298,3315,3460,3791,3918,405,4146,4176,4176,4361,4428,468,4736,5153,5345,5395,5474,550,5522,5546,5556,5711,578,5793,6067,6183,6197,6282,6319,6389,6400,6453,6467,6533,6673,6733,6781,6816,6854,6989,7023,7075,7118,7283,7299,7327,7394,741,7439,7535,7566,761,7771,7827,7987,8016,807,8413,8419,8425,8682,8720,8850,8864,8930,8961,8971,9024,9056,9125,9235,9266,9312,9317,9335,9439,9454,9522,9691,9773
10116,10140,10384,10397,10401,10558,10646,10807,11090,11146,11446,11453,116,11615,12,1204,1282,1377,1464,160,1631,1647,1655,1661,1858,1908,1914,2117,2214,2302,2354,2393,241,2594,2678,2776,2954,3122,3319,3451,358,3803,3830,3864,4088,4114,4164,4433,4509,4564,4606,4735,4899,5112,5182,53,5342,5357,5360,5422,547,5501,5579,5588,5683,5711,5836,5838,606,6140,6197,6290,6324,6327,6535,6571,6746,6748,6829,6921,7043,7071,7163,7198,7293,7384,7406,7506,7840,7887,7892,7964,7969,8014,8055,8203,822,823,8320,8347,8641,8645,869,8720,8748,8773,8832,8872,888,8967,8985,90,9370,945,9504,9505,9574,960,9636,9678,9979
10213,10425,10434,10830,11022,11187,11212,11442,1165,1171,1296,141,1440,167,1744,1787,1801,1825,1903,1921,1956,1973,2021,2132,2192,2231,2324,2341,2447,2457,2503,2529,2683,2839,2859,298,3010,3043,3112,3121,3375,3590,3704,377,3842,3872,3879,4047,4097,4152,4240,4248,4329,4390,4393,4395,44,4467,46,4663,4750,500,5042,5071,5087,5318,5364,54,5421,546,5549,5818,5911,6183,6252,6363,6414,6681,670,6734,6892,6906,70,7108,7322,7337,7356,7442,773,7814,7838,7865,7956,7979,8071,8095,8119,8156,8177,8239,8260,8290,8316,8343,8554,8629,8826,8849,8907,8927,9485,9561,9580,9629,9650,9744,983,9854,9864,9881,9962
10203,10260,10303,10307,10483,10513,10645,10691,10876,10890,10943,11000,11048,11080,11092,11247,11378,1142,11479,11562,1351,1389,1463,1471,1502,1558,1574,1591,175,1774,1816,1939,2006,2045,2419,2456,2466,276,2890,2935,2946,3034,3095,315,3184,3234,3317,3322,3347,3383,34,347,3486,3705,3841,3874,3955,3959,4001,4026,4130,4150,42,4202,4258,4399,4437,4804,5192,5223,5235,5441,5461,5662,5814,5814,5977,6033,6064,6120,6200,6248,631,6372,644,6461,6484,6490,6508,651,6602,663,6822,6850,6903,6905,7058,7329,74,7431,7507,7854,7980,7991,8078,8187,8265,8325,8674,8749,9057,9087,9155,9186,9193,9307,9455,9458,9607,9810,982
10076,10141,10150,10166,10346,10397,10738,10838,10841,10943,11012,11126,11400,11413,11435,1150,11600,1329,1371,1418,1535,1539,1562,1699,173,1823,1851,2172,2193,2288,2311,2362,2481,2518,2585,2610,2614,2640,2829,2901,2978,2983,3015,3044,3171,3500,3790,3916,392,4065,4602,4658,468,492,512,5183,5222,5350,5407,5502,5542,5749,5773,5793,5854,6107,6109,6188,6191,6340,6458,6578,6749,6951,7046,7070,7070,7292,7301,7306,7308,732,7379,7380,7416,757,7609,7709,7754,7790,7818,7901,8004,8029,8081,8348,8376,838,8510,8773,8808,883,8883,9014,9033,9095,9117,9135,9201,9207,9270,9341,9531,9696,9725,9760,9775,9870,9878,9897,9997
10218,10386,10392,10422,10491,10536,10555,10654,10811,10836,10904,11040,11131,11150,11283,11377,11441,11443,11516,1152,11598,11607,11629,11631,1433,1560,1663,1711,1772,1809,2292,2459,2641,2810,2841,2857,3002,3075,3197,3553,357,3809,3995,4079,4104,4133,4372,440,4454,4516,4529,4624,4638,4692,4754,48,4855,4906,54,5459,5503,5532,5624,5660,5703,5772,5850,5868,5885,5960,6202,6346,6369,6456,6459,6509,6550,6852,6857,686,6894,7123,7128,7348,7375,7390,7395,7466,7508,7651,7653,7706,7832,7863,793,7950,7972,8139,83,8342,8351,8354,8415,8510,858,8586,86,874,8845,890,904,9084,9287,9396,944,9456,955,9571,9706,9842,9882
10183,10322,10479,10803,10876,10895,11072,11145,11268,11412,11574,1378,1433,1542,1592,162,1696,1967,1987,2019,2020,2059,2187,2202,2358,2365,2384,2432,2443,2457,2517,2697,2749,2760,2764,2818,3113,3211,3303,3324,3435,3611,3632,4062,4064,4118,4202,4300,4407,4408,45,4547,4625,4657,5217,5230,5333,5379,5387,5476,5558,5608,5700,5772,6046,606,6229,6267,6299,6565,6602,6733,68,6826,685,691,694,7002,7033,7271,7411,7432,7485,7485,7923,7960,8021,8058,8094,8125,8221,823,8280,8346,8387,8454,8567,8619,8704,8730,8790,883,8832,8894,8913,901,9024,9085,9105,9138,9441,9483,9531,9540,9668,9781,9782,9815,9829,9865,9987
10304,10448,10523,10679,10718,11099,11132,11157,1124,11288,11298,1154,11600,1195,1217,123,1309,1328,1575,1607,1631,1662,1844,188,1905,2201,2283,2557,2561,2785,2809,2845,2932,2938,3114,3363,3405,3605,3683,3710,3817,3821,3888,3916,3955,4029,4054,4098,4100,414,4197,4465,4506,4553,4573,476,4933,4945,495,4987,5011,5071,5203,5262,5300,5329,5342,5397,5573,5606,5640,594,612,6137,6299,646,6604,6675,6733,6735,6768,6900,6904,6916,7006,7086,7099,7136,7186,7215,7521,7551,7573,7651,7652,773,775,7857,7931,7987,8162,8224,8439,844,8615,8716,8720,8740,8766,8862,8918,9042,9207,9446,9453,9589,9685,9713,9742,9876,9995
10248,10292,10330,10397,10586,10668,10792,10856,10940,1099,11128,11134,11351,11419,1143,11482,11593,11601,1190,1397,1541,1610,1657,1693,1755,180,184,1892,2072,2096,2109,2188,2332,2356,239,2405,2746,277,2803,2835,285,290,3083,3106,3136,3193,3195,3274,3303,3346,34,3482,3567,3756,3787,3925,3977,4057,4126,4146,4403,4536,4549,4652,4773,4851,5020,5044,5137,5315,5403,5508,5611,5638,566,5696,5727,5830,5922,6029,6083,6369,6386,6561,6611,6736,6813,6832,7085,7089,7259,7302,7404,7750,7846,7851,7877,7988,8010,8047,8140,8387,8390,8390,848,8510,8567,8658,8842,892,9129,9177,9384,9520,9660,9674,9689,9745,9855,9934,9963
10035,1005,10077,10287,10346,10361,10413,10533,10712,10817,10841,11107,11198,11343,11382,11440,11466,11529,11637,1277,1523,160,1695,1738,1756,1770,1798,2003,205,2126,2203,2252,2500,2624,2637,2733,2776,2947,2981,3073,3080,3384,3570,3734,3782,3783,38,3805,3810,3916,3955,4086,4136,414,4145,4178,4312,4376,4485,4488,4692,470,4706,4779,4892,4962,5012,5051,509,5276,5297,5307,531,5310,5312,5523,5566,5669,5721,6038,6142,6169,6344,6698,679,689,6914,696,707,7105,7115,7172,7421,7520,7582,7705,7780,7793,7827,8002,8084,8230,8315,8374,8425,8512,8519,8643,865,8672,8814,8831,8863,8983,9105,9140,9343,9767,9834,9844,9959
10007,10019,10050,10076,10147,10178,10223,10317,10528,10682,10742,10819,10999,11353,11543,1183,1230,1301,1507,1541,1620,1885,1891,2107,2125,220,252,2531,2537,2563,2581,2722,288,2965,3012,3239,3261,3367,3404,3426,3463,3494,3597,3623,3753,3860,405,4181,4265,4320,4339,4552,4571,4591,4720,4739,4872,5143,5252,532,5356,541,5650,5824,589,5900,5941,6071,611,6133,6138,6215,625,6254,6318,6364,6408,6512,6516,6640,6653,6656,6657,6717,6720,6747,6816,6857,6903,6924,6982,7041,7065,7139,7147,7289,736,7737,8063,8068,8135,8156,823,8279,8434,8627,8725,8810,8845,9083,9139,9196,9317,9357,9450,9613,9751,9805,9828,9897,997
10036,10045,10092,10106,10109,10256,10359,10390,10425,10436,10685,108,10937,1104,11108,11154,11229,1131,11318,11364,11420,11433,11462,1158,11605,1241,1281,132,1402,161,1644,1704,1938,1954,1967,2218,2272,2360,2413,2436,2784,2798,2903,2911,2919,2956,2959,3,3,3180,327,3316,3347,3406,3536,3537,3565,3687,3962,3980,3991,3999,4113,4201,4267,4424,4702,4772,4818,5091,5109,517,526,5325,5341,5346,5374,5598,5612,5694,5907,5949,5973,6068,6125,6318,6396,6398,6743,6822,6872,6987,7085,7179,7309,7410,7600,7664,7749,7790,7835,8099,8207,8283,8409,8503,8743,9098,9140,9224,9313,9345,9405,959,9709,9753,9801,9862,9955,9960,9966
10077,10309,1042,10501,10598,10644,10766,10942,11126,11143,11159,11317,11463,11467,11580,11601,1218,1436,1461,1636,1636,1653,1825,1826,1845,2041,2042,2156,2183,223,2259,2328,2389,2535,2703,2959,3125,3150,3293,3300,3465,3466,348,3803,3836,3854,3965,3979,3984,4291,4487,4650,4694,4762,483,4865,5054,5190,5217,5218,5288,5331,5413,5486,5604,5671,5844,5905,597,6241,6319,6332,6374,6491,6508,6551,6809,6875,6879,6899,6948,6991,703,705,7333,7350,7416,7455,76,7610,7615,7622,7639,7651,7743,779,7872,8001,81,8225,8437,850,8587,8700,8758,8877,8949,9035,9117,9238,9318,9365,9488,9497,9544,9663,9779,9800,9888,9947,9971
10000,10308,10348,10368,1039,10433,10478,10625,10649,10823,10929,10952,10976,11099,11188,11583,1261,1479,1534,1582,1659,1758,1769,1776,1823,1899,1909,1937,217,220,2284,2390,2391,2436,2563,2949,3117,312,3286,3385,3472,3512,3731,3987,4015,4094,4203,4222,4252,4451,4479,4486,4770,4795,4815,4820,4827,486,5061,5081,5241,5342,5363,5448,5591,5593,5708,5836,5843,5920,6023,6058,6118,6240,6500,6694,6787,6838,6856,7181,7218,7403,7462,7471,7501,7528,7531,7574,7625,7736,7756,7822,7830,7872,8228,8240,8245,8302,8347,8369,8369,8501,8515,8636,8653,8760,8877,8925,8959,9054,9093,9311,9394,9483,9506,9545,9565,9596,9855,9921,995
10138,10184,10291,10304,10412,10546,10634,10654,10671,10795,11002,11081,1370,1372,1390,1448,1529,1563,1620,1681,173,1796,1836,1855,1899,1949,2037,2121,2228,2665,2671,2689,2951,3019,3058,3180,3196,3285,3315,3363,3391,3450,3550,3608,3714,3907,3958,4670,4690,4728,4892,4940,498,5003,5187,5194,5322,5325,5338,5342,5470,5573,5706,5748,5802,5824,583,5849,5977,6083,6194,6225,6244,6296,6299,6438,6438,6679,6681,6759,6807,6863,6903,6921,7203,7343,7370,7455,7581,7675,7889,7914,7927,8010,8061,8101,8161,8224,8281,8302,8326,8385,8425,8437,8692,8793,8797,8815,8904,8997,901,911,9117,9252,9640,966,9676,9695,9731,976,9826
10242,10257,10278,10309,1039,10598,10598,10622,10806,11150,1128,1138,11445,11451,11557,1180,1211,1301,1517,1643,1658,1720,1816,1922,1965,2272,2290,2528,2890,3017,3133,3203,3567,3623,3668,3687,3698,395,3950,399,401,4208,421,4231,4286,4355,4406,4481,4677,4733,4760,4761,4930,5033,5039,5118,5305,537,5408,5549,5681,5707,5728,5738,5851,5916,5966,6072,6099,6203,6284,65,6529,6537,6563,6660,6665,687,7053,7115,713,7150,737,7439,7465,7472,7694,7718,7781,7849,7925,7971,8012,8014,8068,8142,8165,8207,8346,8354,8355,8480,8594,8705,8767,8778,8917,8943,8974,9190,9408,9424,9534,9545,9616,9637,970,9748,9803,9804,9851
10021,10038,10071,10209,1034,10341,1042,107,10722,10895,10968,11012,11339,11407,11408,11432,119,1290,1307,1325,149,1607,1719,1979,2085,2148,2266,2371,2418,2440,2701,2777,295,2983,2989,3002,3063,3218,3256,3268,3591,3622,3631,3645,3720,3792,3879,3936,3941,3994,4053,4127,4245,4359,4559,4564,48,4971,5100,5191,5257,5463,5584,5715,5758,5784,5824,5912,6008,6137,6148,627,627,6585,6629,6709,6725,6794,6797,6815,6852,6910,6915,7098,7100,7126,7324,7365,7588,7597,7684,7713,7723,7820,7827,7893,7899,799,8124,825,8508,8670,8860,9050,9097,9212,9216,9295,9337,9378,9408,9447,9497,9547,9575,9654,9676,9749,9750,9954,9963
10244,1033,10353,10409,10623,10633,10728,10767,10772,10854,10877,10941,11174,11190,11597,11613,11621,1176,1208,1228,1252,1275,1365,1502,1567,1685,1940,1955,2071,2073,2147,2210,25,2596,2816,2871,2921,2933,2945,3249,3298,3351,3437,3642,3643,3830,3850,3982,4130,4283,4500,4598,4620,4680,4743,4812,4906,503,5063,514,5206,5208,5431,5434,5466,5507,5530,5713,5719,5759,5773,5831,5858,5897,5943,6301,6324,6416,6416,642,6464,6561,6607,6671,6841,7045,7095,7169,7279,7302,7319,7578,7885,7948,8017,8055,8119,8127,8214,8257,832,8362,8391,8462,8546,8584,8651,8986,9024,9057,9103,9289,9323,9411,9434,9581,9651,9718,9769,9915,9974
10033,10171,10191,10207,10259,10319,10349,10445,10490,10647,10740,10742,10809,10858,10868,10912,10939,10947,11106,11464,11511,11544,1219,1277,1464,1494,1527,1527,1750,1925,193,2035,2133,2146,2349,25,2658,2735,2745,2759,2854,2858,2886,2927,2970,3207,3209,3299,3372,3417,342,3578,3687,3912,4012,4030,4043,4217,4253,4295,4590,4645,4694,4896,5115,5164,5251,5324,5473,5657,5843,5967,6000,6030,6039,6288,6301,634,6381,640,641,6445,6695,6956,6986,7049,7166,7180,7439,7502,7535,7595,7704,774,7774,7895,8290,8373,8382,8456,8532,8575,8672,8689,8735,8850,8903,9057,9085,915,9222,9239,935,9442,9469,9480,9572,9585,9835,984,9953
1015,10278,10309,10369,1045,1060,10623,10697,1072,10724,10744,10759,110,11066,11075,1109,11107,11154,11229,1138,11475,11554,11566,11570,1166,1306,1403,1474,1526,1538,1651,1686,1867,2032,2288,2513,2614,2668,2879,2930,323,3245,3334,3359,3543,3554,3555,3743,3824,3875,3888,3925,4053,4063,4154,4275,4328,4540,4644,4742,477,4846,4936,5198,5200,5237,5244,5263,5279,5590,5683,5771,5786,582,6104,6214,6252,6358,6575,660,6685,6711,6718,7014,7164,7181,7198,7371,7543,7839,7846,7931,7971,8009,8034,8047,8117,8164,8307,8311,880,8874,8944,8948,9044,9059,9096,9113,9159,9217,9353,9359,9391,9464,9474,966,9730,9855,988,9906,9978
10005,10093,10111,10163,10272,10322,10331,10331,10375,10597,10657,10762,10813,10899,11024,1112,11329,11380,11530,11610,11618,1214,1684,1998,210,2112,2129,2133,2232,2283,2363,2432,2580,2625,2647,2694,2743,2841,2897,3037,3124,3184,3195,3273,351,3570,3674,3696,3727,3837,3967,3968,4030,4077,4135,4435,4978,5003,5133,5393,5427,5547,5609,5727,5765,5783,5805,5938,6023,6037,6130,6158,6308,6373,6380,6445,6576,6577,6612,6695,6877,6880,6994,7072,7116,7166,7313,75,7546,7600,7909,7930,8086,822,824,8247,8249,8254,8410,8454,8533,8611,8722,8734,9092,9136,9138,915,9297,9484,9488,9512,9575,964,97,9861,9889,9982,9986,999,9995
10024,10088,10224,10337,10477,10734,10764,10901,10998,11033,11132,11282,11409,11452,11514,1218,1255,1386,1414,1427,1550,159,1611,166,1695,1778,2110,2130,2193,2399,2416,2484,2651,2682,2833,2857,2946,3009,302,3034,3182,3189,335,3356,3382,3393,3396,3678,3723,3756,3882,3923,403,4034,4153,4301,4322,4414,4709,4829,4885,492,4971,4998,503,515,5172,5278,5352,5433,5524,5806,6032,6216,627,629,6325,6326,6668,67,6738,6832,7063,709,7098,72,7347,7441,7469,7505,7536,7667,7706,7721,7785,7802,7837,7974,8087,8087,8089,8112,8293,8304,8341,8466,8510,8584,8645,8846,8916,895,9052,9194,9358,9444,9533,9652,9715,9743,991
10009,10146,10312,10551,10684,10995,11006,11197,11240,11361,11634,1379,1460,2283,2454,2623,2678,2733,2854,301,302,3069,3143,3188,3409,3589,3605,3627,3758,3763,379,3859,3951,4155,4223,4305,4348,4377,4429,4494,4568,47,4760,4832,4833,4916,4999,5179,5182,5192,5197,5296,5406,5467,5468,5592,5728,5762,5790,5886,5956,5980,6,6075,6115,6250,626,6317,6526,658,660,6602,6604,6685,6794,6836,6843,6844,6923,701,7030,7046,7079,7232,7249,7364,7428,7433,7464,7558,7562,7605,7616,7659,7665,7767,7777,7923,7990,7999,8185,819,8253,8390,8516,8590,8739,8879,8935,9058,9061,9234,9245,9253,9277,9394,9560,9695,9899,9938,9971
1,10003,10143,10151,10292,10657,10877,10904,10918,11121,1119,11274,11317,11354,11357,11410,11559,1166,1461,1550,1609,1629,1737,1869,1883,1896,1982,2031,2121,2123,2363,2413,2504,2667,2887,2909,2926,309,311,3198,3258,3306,3386,3413,3451,3547,3815,385,4011,4031,4033,4326,4367,4390,4556,4664,484,5058,512,5197,5268,5287,5291,5404,5420,5484,5524,5685,5694,5831,5940,5983,5998,6087,6112,6139,6171,6328,6453,6511,6739,6964,6964,7008,7080,7112,7182,7302,7324,7389,7390,7617,7648,7708,776,7797,7843,7868,7871,7909,7919,8059,8246,8311,8393,8396,8535,8537,8637,8690,8947,8999,9003,9153,927,9387,9456,9471,9783,980,9809
10006,10101,10339,10342,10430,10483,10491,10586,10591,1068,10894,10958,11063,115,1162,1200,1227,1263,1505,1579,1765,1778,189,193,1947,1987,1987,2156,2207,2328,2342,2362,2388,2431,2732,2738,2761,2862,2879,2893,2914,2929,2933,2970,3025,3067,3070,3164,3242,3473,3552,3720,3796,3810,3865,3980,4027,4146,4156,4179,4255,4284,4348,4460,464,4803,4807,4955,4956,497,5023,5108,52,5250,5360,5614,5646,5713,5816,5841,5898,6122,6208,6255,6270,6282,6376,6379,65,6508,6534,6820,6880,6965,6969,6996,7266,7327,7408,7504,7517,7693,7847,7980,8119,8147,8234,8296,8313,8418,8586,8668,8699,8789,8849,9077,9274,9371,9442,9744,996
10229,10564,1069,10807,11003,11068,11071,11108,11201,11212,11290,11308,11466,11524,11590,119,1204,1272,1337,1566,1674,1734,1816,1827,1872,1903,2032,2050,2137,2258,2354,2360,2557,2624,2635,2661,2708,2721,2722,28,3244,3278,3331,3451,3545,357,3684,3697,4055,4099,4148,4155,4235,4290,4601,4840,4997,5285,5298,5318,5331,5339,5372,5516,5565,5570,5593,5648,566,5831,5949,6096,6156,6199,6505,6568,6671,6728,6731,6739,6827,6869,7023,7125,7158,7188,7228,7272,7277,7377,7498,7610,7814,7828,8079,8154,8341,8392,8409,8564,8576,8678,8809,8818,8978,8980,9010,9133,9161,9274,9331,9357,9366,9449,9527,9581,9705,9718,9826,9829,9973
10050,10134,10135,10228,1026,10378,10382,10459,10462,10500,10647,10790,10828,10840,1114,11294,11478,11582,11585,11632,1227,1289,1359,1405,1565,1777,1882,1990,2255,2267,2434,2438,2513,2516,2558,258,2600,2613,2663,2682,2745,278,2936,2967,3212,3286,3377,3424,3783,3950,4234,4273,4288,4295,4334,4362,4734,4792,4801,4888,4978,5069,5193,5248,5292,5295,5610,5624,5671,570,5803,5848,5952,6092,6175,618,6273,6361,6441,6495,6643,6662,6799,6808,6855,6998,721,7360,7552,7587,7597,7689,7720,7725,7740,7973,799,8073,8100,8240,8336,8495,8618,8664,8685,8780,8824,883,8870,8886,9067,9124,9204,9213,9250,928,9384,9519,9601,9614,9903
10121,10169,10275,10482,10488,10645,10717,1072,10933,10977,10987,11043,11191,11285,11388,11414,11436,11524,11586,1209,1230,1291,1755,2147,2175,2263,2397,2485,2557,2577,258,2641,2700,2745,2762,3114,3122,3232,3250,3462,3474,3574,3632,3659,3685,3799,3875,4063,4145,4165,4221,4244,4309,4706,4790,4880,4884,4955,5021,5026,503,5076,5085,5140,5176,518,5219,523,5273,5338,5386,542,547,5556,5709,5740,5754,576,5961,6048,6078,6116,6260,6432,6474,6591,6750,6818,6958,7014,7131,7182,7249,7789,7860,7910,7998,8134,8228,8236,8533,8565,8577,8634,8759,9016,9056,906,9103,9185,927,9360,9457,9759,9771,9827,9884,9946,9966,9985,9986
10131,10319,10349,10349,10376,10423,10528,10528,10554,10668,10674,10798,10924,11124,11172,11262,11369,11440,1267,1371,1415,1432,1518,1532,1586,1593,1795,1994,2251,2405,2436,2892,3063,3426,3754,376,3814,39,39,4012,4124,4222,4305,432,4429,454,4883,4912,51,5168,5196,525,5286,5350,539,5434,5444,5477,5494,5811,5836,5877,5982,6039,6480,660,6702,7095,7125,7148,717,7178,7233,7248,740,742,7422,773,7735,7777,7839,7866,7902,7941,7995,80,8135,8320,8340,8621,8718,8735,8749,8936,9087,9098,9112,914,9169,9196,9202,9287,94,9401,9427,944,9445,9475,9477,9573,9609,9612,9695,9713,9732,982,9899,9956,9961,9974,9984
10019,10100,1012,10480,10489,10557,10629,10653,10729,10750,10998,11056,11278,11329,11505,11535,1464,1465,1713,1747,1773,1778,1971,2044,2082,212,2129,2228,2289,2303,2341,2660,2830,2832,2992,3016,3026,3057,3121,3144,3178,3293,3315,3510,3527,3625,3777,3994,4003,4207,43,4477,4518,4663,4966,5141,5149,5176,527,5313,5419,5439,552,5526,5567,5602,561,5636,5702,5725,5858,5907,5911,5930,5964,6000,6075,6077,6100,6215,635,6531,6569,6631,6650,6656,6710,6716,6788,6878,6958,740,7621,775,8010,8080,8143,822,8239,8286,8419,8507,8535,8540,8568,8753,8939,8973,9012,9105,9158,9226,9262,9274,9455,9464,9642,966,9730,9854,9927
10007,10020,10151,10239,10252,10298,10300,10372,10480,10528,10610,10613,10805,10840,11019,11036,111,11133,11297,11326,1141,11446,1301,14,1530,1580,1619,1683,1758,1837,1879,1945,1961,1997,2126,2139,2273,2385,2418,2612,2654,2675,2677,2814,2973,3001,3012,306,3207,3257,33,3336,3385,3421,3497,3527,3566,3573,3767,3934,4031,4059,4121,4135,4204,4430,4435,4435,4486,4544,4643,4689,492,5090,5233,5241,531,5528,5545,5557,5574,5815,5984,6050,6071,6198,624,6321,6370,6378,6451,6991,7195,7243,7408,7425,7470,7582,7589,7670,782,7820,7933,7968,8059,8111,8191,8199,8760,9064,9105,9214,9291,9406,953,9537,9543,98,9833,9942,9986
10105,10136,10175,1020,10353,10365,10478,10616,10648,10715,1105,1106,11150,1132,11333,11338,1137,11405,11433,1186,1420,1432,1658,1805,1806,1877,1984,2028,2083,2296,2424,2482,2526,2682,2813,2818,2861,2905,3208,3256,3357,3359,3580,3704,3713,4177,424,4374,4390,442,4441,4667,4770,4777,4828,486,4886,4935,5137,5156,542,5428,5501,5682,5752,5758,5884,6134,6207,650,650,6584,6635,6673,6699,6757,6982,7081,7135,724,7253,7294,7339,7396,7432,7447,7460,7526,7543,7610,7633,7675,7977,8044,8060,8063,8100,8155,8197,8228,8291,8414,8474,8746,8820,8864,887,8981,9088,9197,9235,9266,9306,9356,9420,9497,9619,9653,9786,9847,9872
10145,10168,10305,10345,10533,10735,10741,10933,10957,11373,11468,11475,11559,1158,1229,1305,1318,1325,1396,1423,162,1697,1706,1803,1909,2026,2035,2058,2130,2173,2177,2201,2256,2284,2334,2346,2515,2529,2691,2741,2953,3009,3238,3334,3391,3404,3965,4052,4159,4364,4364,4462,4536,4735,4774,4834,5147,5166,5234,5270,5275,5286,5320,5344,5361,5375,5446,5470,5485,5524,5596,5615,5625,572,5744,5767,6040,609,6150,6290,6587,6605,6646,6686,6740,6745,6767,686,6964,6996,7160,7160,7180,7388,7489,7587,772,8082,812,8180,8221,8528,8587,8729,8838,8880,8910,8924,8961,9047,9164,9229,9256,9417,9512,9516,9646,9662,9806,9893,9900
10151,10167,10198,1030,10350,10356,1037,10396,10436,10563,10566,10655,10806,11055,11263,1213,1337,1344,1476,1509,1630,1642,1739,1749,1822,1955,1971,2329,2369,238,2620,2645,2694,2771,2834,2924,2973,3017,3057,3132,3296,3366,3607,3685,3864,3986,3996,4009,4092,4103,4138,4147,4207,4270,4325,4497,4506,4613,4737,4818,4922,4948,5029,5054,5054,5226,5406,5434,5459,5479,5498,5535,5615,5708,5726,5832,5900,5965,6060,609,6220,6232,6275,6324,64,646,6533,6560,663,6765,6865,6914,7177,7244,7414,7451,7456,7532,7752,7767,7874,7886,791,8012,8031,8073,8090,8165,8270,8501,8529,8603,863,8797,9055,9306,9340,946,9671,9743,993
10210,10223,10367,10429,10442,10484,10543,10692,10758,10872,1101,11086,11424,11471,11480,11554,1250,126,1261,1392,1394,1398,14,143,1573,1603,1660,1673,1871,1947,2025,2026,2156,2230,2237,2452,2631,2670,2727,2761,2762,2787,2896,2949,3029,311,3144,3187,3344,3382,3614,3765,380,4147,4166,4206,4234,4245,4286,4425,4508,4882,4894,5088,5108,5201,5223,5471,549,5559,5632,567,5726,5757,5952,6061,6327,6412,6458,6476,6544,6572,6603,67,6760,6826,7062,711,7125,7160,7562,7563,7666,7713,7884,8120,8164,832,8331,8360,8456,8528,8590,8594,8652,8662,8701,8830,8840,8876,8932,9068,9212,9216,9258,9329,9426,9577,9608,9649,9947
10081,10169,10211,10298,10326,10406,10562,10646,10745,10816,10824,10932,10992,11028,11112,11313,1133,11351,11372,11384,11459,11460,11572,1173,1416,144,1458,1541,1570,1614,1638,164,1699,1836,1846,1919,1977,2022,2130,2159,2261,2420,2499,264,2695,2739,2897,3,3194,3230,3428,3452,3533,3616,365,3717,3738,3784,3865,3999,4018,4075,4214,4283,4485,4686,4831,4896,4929,5008,5103,5174,522,5312,5477,5603,561,5624,6062,6067,630,6352,6659,6689,6701,6740,6822,7005,738,7389,7396,7450,7525,7788,7813,7848,7878,8048,8203,8286,8391,8467,86,8647,8720,8724,877,88,8952,8974,9146,9208,9275,9304,9384,9450,9550,9610,9678,9760,9977
10263,10318,10331,1034,10520,10554,10561,1062,10979,10995,10996,11052,11092,11112,11201,115,11544,1232,1334,1379,1400,1460,1675,1762,1858,1876,2005,2091,2096,2154,2159,2212,2240,2318,2645,2650,2659,2683,2778,2781,2815,298,3008,3078,316,3238,3357,3463,3508,3556,3584,370,38,3805,3927,4057,4087,4134,4249,4281,4364,4376,4688,4755,4869,4909,4911,4965,5063,5084,517,519,5426,548,553,5605,5613,5744,5757,5820,587,6094,6300,6741,6781,6914,6924,6935,7018,7073,7136,7312,7351,7353,7485,7514,7660,8031,8078,8133,8197,8300,8443,8457,8549,8674,8714,8733,8847,898,8995,901,9346,9497,9577,9621,969,972,9813,998,9997
10191,10224,10246,10574,10595,10653,10678,107,10746,10830,10949,10996,10999,11017,1106,11060,11161,11251,11376,11599,1176,1270,1410,1539,1565,1604,1816,1931,1994,2124,2198,2225,2230,2254,2377,2554,2580,2740,2929,3011,311,3162,322,3244,3410,3412,3451,3540,3547,3561,3600,3629,3645,371,376,3769,3805,382,3850,390,4030,4105,4380,4472,4598,4651,4659,4979,5010,506,5201,5229,524,5245,5369,5522,5669,5931,6003,6104,6292,6294,635,6370,6386,6476,6694,6789,7117,7352,7364,7419,7469,7667,7803,7887,7963,8111,8190,8192,8244,8332,8336,8562,8622,8817,8838,8903,8910,8937,8952,9,9046,9114,9468,9580,9667,9673,9753,9798,9808
10012,10053,10105,10181,10275,10284,10366,1039,10498,10557,10569,1057,10594,10605,10612,10626,10727,10745,10752,10827,10853,10937,10994,11041,11109,11128,11180,11376,11408,1142,11588,1667,1926,1994,2272,2387,2590,2619,262,2652,2778,2861,2979,302,3181,323,3243,3284,3325,3361,3417,3445,3534,3685,3912,3988,4045,4049,4140,4352,4363,4428,4502,4667,4814,489,4961,5039,508,5226,5635,5637,5727,5732,5750,5774,5812,5824,587,5877,5887,5986,6155,6273,631,6312,6383,6418,6488,6720,6772,6909,6958,7117,7240,7245,7305,7320,7424,7495,7941,7944,8083,8115,8138,8391,8428,8507,87,8748,8809,8811,8958,9100,916,9253,9421,952,9653,9670,9877
10037,10144,10152,1028,10309,10361,10627,10961,11334,11406,11411,11561,11622,11633,1385,1669,1738,180,1822,1852,1894,2201,2235,2383,2518,2578,2627,2654,2705,2884,3009,3027,3128,3161,3348,3581,3687,3689,3735,375,3823,3915,3917,4064,4100,4146,4191,420,4236,4364,4389,4512,477,4815,4909,4939,5026,5137,5216,5288,545,5459,5627,5630,5643,5850,5989,599,5994,6134,6487,6914,6936,7002,7136,72,7221,7222,7507,7560,7735,7792,7841,7841,7887,7898,7947,797,800,8178,8196,8360,8438,8443,8565,8724,878,8864,8891,899,9017,9019,9134,916,9242,9259,9320,9433,9488,9539,9591,9688,9693,975,9837,9877,9892,9902,9928,9931,9968
10046,1005,1006,10130,10397,1051,10546,10573,10678,10688,1080,11017,11059,11212,11501,11602,11614,11621,1186,1198,131,1343,1464,1513,1513,1596,1783,1900,2060,212,2152,2191,2248,2255,2256,2312,2360,2588,2597,2627,2644,2675,2758,3147,3230,3250,3251,3289,3596,3667,3838,3934,3972,4153,4269,4278,428,4289,4347,4430,4462,4568,4655,4764,4796,5045,5073,508,5081,5122,5318,5564,5662,5692,5716,5759,5919,6014,6032,6041,620,6250,6254,6500,6725,6767,6840,6927,7015,7289,7347,7405,7409,7474,7544,7588,7690,7707,7812,7871,7872,807,8241,8494,8540,860,8643,8774,8957,9071,9206,927,9435,9453,958,9584,9636,9651,9674,9836,9847
10006,10032,1012,10366,10398,104,10602,10797,10826,10864,1105,11115,11146,11148,11170,112,11244,11279,11428,11597,1288,1388,1544,1573,1862,1899,194,2,2062,2081,2258,2411,2494,2507,26,2615,2719,2786,2857,2864,2956,2988,3036,3061,3167,3238,3299,3450,3575,3684,369,3838,3873,3949,397,4047,4159,4171,424,4440,4483,451,4527,480,4819,4901,4993,5033,5142,5201,5430,5439,5462,5614,5811,5907,5965,6087,6184,6215,6278,6543,6559,6660,6739,7025,7423,7540,7573,7575,7719,7779,787,8057,8087,8131,814,8172,8318,8320,8340,8356,8385,8414,8539,8577,8625,8655,8662,8677,8706,8928,8941,8945,9055,9412,9412,9628,9661,9766,9934
10000,10028,10120,10159,10260,10265,10465,10472,10653,10811,10952,1099,11008,11205,11229,11354,11433,11444,11568,1298,1462,1513,1625,1780,192,1954,1980,2042,2046,2050,2119,2195,2209,226,2349,2360,2428,2451,2618,2721,2819,2951,3039,304,3089,3309,3387,3423,3505,3596,3631,3743,3817,3829,4063,4136,4364,4386,4455,4702,4894,4907,492,5032,5034,5315,5351,5354,5541,5732,5773,5809,5939,6164,6242,6288,6354,6419,6427,6461,6541,6594,6703,6750,6863,6899,6999,705,7086,7128,7202,7328,7418,7470,7549,7591,7623,776,7877,7936,7943,8073,8150,8410,8603,8676,8730,8757,8902,8914,8961,9039,9214,9238,9276,9338,9448,9595,9745,9845,9944
10041,10179,10294,10388,10509,10656,10693,10993,11015,11248,11337,11420,11440,11531,11555,1230,1302,1444,1562,1582,1664,1690,1806,1834,1930,2004,203,2043,2081,2245,2261,2306,2319,2329,2371,2419,2456,2619,2698,2723,2735,2846,2921,3005,302,3454,3587,377,3796,3833,3860,398,3994,4035,4168,446,4500,4607,4840,4860,487,4895,4935,4940,4955,5034,5069,5276,5277,530,5445,5489,552,5582,5607,5716,581,6024,6070,6124,6223,6235,6266,6685,6713,6723,7041,7072,7137,7153,7352,7485,7535,7555,7640,7710,7736,7754,7797,7807,788,8177,8207,8273,8355,8364,8386,8464,8900,8982,900,9029,9164,9431,9548,9593,9604,9623,9637,9675,9716
10131,10138,10171,10252,10412,10594,10604,10604,10627,10742,10897,11098,11112,11153,11173,11180,11237,11274,11333,11358,11475,11590,11602,1174,1321,1395,144,1550,1553,1837,1953,1970,2075,2226,2357,2514,2826,2965,3115,3154,3223,3225,3265,3274,3654,3811,3845,3847,4016,4207,4362,4463,4557,4577,4706,472,4860,4893,49,4926,5220,5238,5250,5254,5259,530,5411,5490,5498,5557,5693,5706,5856,5903,60,6007,6075,6090,6096,6131,6316,6378,6749,6777,6846,6897,7210,7319,7491,7558,7584,7870,7882,7943,7983,8173,8229,8268,8277,85,8604,8715,8780,8832,8855,8857,8891,8903,8963,9039,9068,9274,9278,9575,9696,973,9817,9858,9858,9911,9948
10444,10776,10891,10911,1096,11179,11224,1125,11351,11372,11523,11554,1240,1435,1649,1658,1948,1982,2,2042,2062,2352,2372,2394,2534,283,2847,2977,2999,300,3065,3230,3288,3404,3457,3567,3581,361,3670,3676,3768,3847,3900,3906,4075,4165,4181,425,449,4495,4627,4721,490,4949,496,5042,5065,5066,5138,5167,5193,525,5328,534,5411,5508,552,5535,5711,5817,590,5951,6135,6360,6372,6526,6653,6792,6993,7017,7116,7151,7215,7269,7306,7313,7336,7390,7392,7523,7648,7745,8003,804,8165,8180,8351,8404,8427,860,8669,8811,8814,8880,9011,9020,904,9326,9339,9365,9387,9471,9534,9560,96,9608,9691,9696,9820,9977,9997
10112,10139,10197,10205,10208,10234,10302,10324,10446,10507,10521,10564,10702,10819,10901,10949,11096,11260,1129,11353,11572,11605,1226,1238,1347,1655,1708,1798,1798,1964,2001,2172,2188,2219,228,2280,2428,2492,260,2756,2758,2780,2851,2877,2896,3005,312,321,3227,3270,3284,3354,3365,3517,3616,3650,3654,3765,3772,3867,4000,4094,4176,439,4573,4636,4787,4790,4877,4944,5050,5053,5063,5225,5681,5696,5791,5825,5866,5950,5982,6014,6070,6154,6234,6419,69,6938,6995,7039,7085,7107,7253,7403,7610,7634,7683,7732,7843,8030,8175,8209,8220,8470,8617,8633,8809,8859,9019,902,9065,9140,931,9470,9575,9592,9684,9785,9912,9975,9996
10015,10066,10102,10275,10344,10432,1051,10678,1068,10841,10945,10980,1110,1112,11158,11252,11336,11391,11403,11499,11558,1204,1270,1281,1386,1389,1395,1444,1538,1637,1658,1797,1802,1831,1835,1878,188,196,2110,2243,2337,2385,2436,2512,2610,2645,265,2670,2746,2835,2957,3125,313,3171,3202,3228,3265,3297,3347,335,3659,3678,3878,3887,4028,4176,4209,427,4368,4391,4406,4418,4620,4735,4778,4905,5187,530,596,6207,6510,6530,6713,673,6763,6770,6807,6915,6975,698,7345,7354,7370,761,7626,7684,7745,7944,7970,8142,8231,8300,862,8686,8731,8736,8815,8837,8912,9037,9098,9154,9164,9198,925,9325,9369,9445,9746,9912,9946
10192,10212,10275,10459,10789,10902,10931,10945,10983,11047,11109,1115,11160,11161,11167,11297,11306,11357,11420,11504,11532,1338,1342,1509,1708,1917,1981,2206,2366,2442,2455,2801,281,2883,2893,3032,3133,3194,3273,3294,3333,3337,3363,3432,365,3677,3680,3699,4124,4338,4442,4472,450,4543,4550,457,4706,4777,5081,5123,5137,5279,5296,5325,5389,5467,5556,5601,5774,5852,5881,6051,6069,6159,6191,6264,627,6302,6530,660,6655,6701,6824,6849,6940,7039,7040,7086,7094,711,7169,7180,722,723,7267,7288,7341,749,7563,765,7680,7901,7905,8225,8286,8324,8397,8497,864,8753,8833,8840,8992,9078,9220,9222,9239,9345,9458,9547,9660
10044,10077,10157,10161,10198,10219,10327,10537,10777,10838,10985,11018,11021,11054,11152,1125,11319,11329,11371,11394,11529,11615,1419,1422,144,1524,1578,1628,1668,1710,1926,2048,2506,2577,2601,2747,3193,3234,337,3383,3468,3585,37,3876,4072,4181,4224,4281,4320,4396,4663,472,4801,4820,4913,4919,497,5072,5166,517,5177,5434,5440,5449,5577,5739,5813,5880,5896,5961,6047,6327,6342,6420,6541,6587,6609,6752,6800,6966,7070,7105,7126,7263,7312,7414,7649,7663,7706,7770,7788,782,7872,8128,8191,8334,8401,856,8622,8664,8705,877,8853,886,9059,9107,9131,9159,9164,9191,9199,9210,9363,9431,9484,9488,952,9600,9790,9837,9850
10141,10388,10389,10394,10625,10812,1084,11149,11229,11341,11460,11568,11628,1199,1347,1542,1547,1853,1908,1915,1968,2021,2039,2057,2077,2113,2199,2274,2294,2371,2452,2680,2784,2836,3121,3271,3393,341,359,3592,3695,3708,3768,3830,3850,3876,3876,4079,4137,414,4310,4320,4408,4522,4563,4603,4672,469,4855,5095,5127,5151,530,5312,547,5518,5532,5781,5806,5887,6010,6110,6246,6279,6283,6401,6560,6587,6613,6625,6701,6772,6822,6838,6868,7095,7162,7320,7372,7469,7537,7591,7625,7643,7670,7671,7757,7785,7836,7855,7883,793,7964,797,8291,8368,8436,8513,8538,8781,8862,8912,898,9014,9227,9272,9428,9727,99,9913,9984
10079,10175,10237,10312,10332,10395,10544,10568,10637,10685,10740,10799,10871,10923,10954,10955,11035,11078,11148,11187,11380,11385,11443,11545,11593,11616,1218,1328,1366,1392,1419,147,1550,1591,1617,1764,1851,2291,2317,2393,2436,2525,3065,3330,3420,3432,3547,3557,3565,3593,3865,3878,3929,4057,4200,4294,4355,4394,4403,4475,452,462,4631,4680,4796,4983,5072,5093,5102,5199,5230,538,5382,5415,5415,5440,5627,5767,5821,5914,5964,6012,6088,6184,6216,6322,6347,6387,6487,6526,6534,6628,6937,7107,7297,7306,7685,774,7768,7824,7902,7948,8080,8291,830,848,8503,8724,8932,9011,9064,9099,9337,9373,9445,9563,960,9649,984,9889,9967
10059,10104,1022,10397,10454,10771,10775,10811,1086,1087,11059,11061,11123,11123,1113,11192,11404,11516,11529,11532,1289,1392,1395,1435,1473,1638,1741,1769,2088,2108,2366,2386,2400,2422,2440,2684,280,3280,3366,3717,4056,4192,4264,4311,4322,437,4605,4661,4802,4920,5078,5155,5258,5260,530,5411,543,5460,5488,5572,5582,559,5636,5670,5778,5825,5896,5912,5936,596,6013,6015,6058,6118,6126,6354,6382,6493,6539,6559,66,6625,671,6958,7189,7200,7618,7735,7756,7819,7846,7928,7989,8064,81,8205,8205,821,8291,8425,8435,8556,873,875,8805,8970,9009,9087,9157,9190,9260,9279,9356,9499,9763,9802,9806,994,9953,9958,9991
10067,10139,1022,10294,10367,10420,10423,10595,10604,10661,10698,10699,10756,10787,11040,11095,11171,11219,11363,11491,11551,1244,147,1594,1667,1756,1761,2296,2318,2365,2413,2631,2662,268,2836,2851,3050,310,3167,321,3252,3263,3519,3565,358,3633,3806,3818,3836,3838,3861,3970,4025,4298,4735,4737,4822,4900,4931,517,5317,534,5487,5553,5602,5792,589,5913,5942,6017,6111,6277,6356,6386,6440,6462,6511,6882,7002,7017,713,7149,7193,7310,7318,7323,7358,7544,7639,7704,7912,792,7984,7988,8020,806,8147,8311,8501,8554,858,8673,8691,8711,878,8857,8857,8866,8943,9160,9215,9302,9340,9451,949,9500,9554,9790,9855,9898,9963
10031,10121,10327,10398,10570,10644,10711,10894,11033,11036,11163,11472,11516,11545,1155,11596,1190,1488,158,1580,1624,1691,1759,2013,2168,2216,2435,248,2570,2680,2686,273,2748,3086,3183,3187,3209,3246,3464,3494,3519,372,3745,404,413,4237,4328,4331,4376,4438,4476,4495,4573,4743,4753,4784,4799,4893,498,5087,5196,547,5684,5689,587,5990,6055,6098,6198,6267,6407,6502,6535,6542,6613,6669,6774,6790,6819,6958,7048,7068,7185,7269,7343,7343,740,7523,7552,7865,7999,8037,808,8115,8233,8489,855,8551,8577,8599,8678,8681,8711,8731,8894,8918,8931,8936,8951,8962,8990,9138,9454,9466,9470,953,9669,9713,983,9882,9905
10142,10185,10409,10478,10548,10553,10623,10667,10668,1075,10750,10752,10799,10835,10948,11075,11107,11127,11146,11163,11175,1124,11295,11375,11421,11469,11535,11557,1326,1369,1673,1921,1944,1950,1992,220,2203,232,2418,254,2625,27,2796,2836,2968,3006,3028,3516,3609,3709,3728,3751,3835,3839,4028,4058,4172,426,4618,4678,4837,494,5021,5226,5495,5575,5597,595,5963,5968,5986,6018,6105,6249,6302,6324,6407,6583,659,6591,6654,6666,6736,6751,692,6940,7066,7096,712,7147,7246,7365,7492,7570,7664,7693,7741,7757,8098,8269,8539,8592,8661,8666,8676,8877,8959,8980,9087,9193,9208,9219,9386,9496,963,9669,9773,9836,99,9917,997
10042,10163,10191,10192,10290,10397,10501,10573,10626,10635,10695,10723,10817,10844,10896,10968,1097,11194,11510,11549,11550,11554,11638,1231,1251,1376,1398,1532,1575,1685,1722,1864,1983,1993,2532,2535,254,2791,2907,2932,3078,3089,3093,314,3181,3217,3262,3421,3586,3592,3593,3714,3809,394,4205,4410,459,4595,4720,4728,477,4786,4867,4943,5001,5099,5135,5169,5200,5210,5274,5433,5613,5718,5824,5913,5927,5929,5934,5953,607,612,6156,6237,629,6297,6367,6523,6562,6586,6636,7080,7116,7209,7317,7329,7457,7693,7716,7821,8028,817,823,8249,8422,8523,8586,8609,885,895,9014,9025,9148,9223,9461,9496,9516,9565,9576,9617,9931
10120,10151,10155,10305,10382,10384,10493,10518,10927,10993,11015,11078,11118,11236,11307,11348,11394,11465,11515,1185,127,1294,1436,1461,1467,159,1687,1707,1759,1795,194,1954,2005,2006,2081,2168,2362,2399,2467,2722,3021,3054,3072,3083,3188,3318,3355,3407,3472,3544,4093,4138,4179,4200,4220,440,4767,4781,4857,4928,4961,5151,5313,5649,5696,5771,5829,5886,6018,6076,6104,6188,6278,6329,6562,6645,6692,6713,6733,6783,6929,7069,7107,7298,7300,7313,745,7511,756,7655,767,7730,7762,7965,7968,7978,8064,8064,8072,8081,8098,8140,8150,831,8353,8406,846,8490,8523,8537,860,8764,9076,9189,9255,9363,9414,953,9638,9722,9929
10092,10149,10172,1018,10331,10337,10591,10617,10644,10646,10735,10772,10918,11007,11035,11047,11174,11177,11377,11566,11577,1195,1303,1333,1343,1459,147,1736,1855,1876,191,1932,1962,2165,2183,2196,2236,235,2473,2618,2747,2796,2800,2891,2998,3071,3201,3379,3477,3493,3835,3973,4065,4104,4345,4504,4580,464,4739,4751,4780,4877,4952,4980,5001,5107,5119,5236,5258,5318,5331,5332,5391,5511,567,5931,6053,6131,6422,6459,6679,6680,6702,6713,6820,6853,7008,7084,7170,7187,7413,7485,7525,7648,7680,7719,8297,8402,8433,8480,8715,8731,8753,8781,8842,8881,893,8950,9314,9408,9502,957,9588,9678,9697,9731,9826,9937,9942,9967,999
10007,10014,10049,10285,10356,10414,10436,10557,10597,1062,1062,10640,10936,11053,11202,11291,11298,11319,11344,11608,1240,132,1340,1485,1499,1513,1645,1742,1878,1888,2162,2175,2203,2220,2277,2420,2562,2660,2871,3280,3298,3392,3413,3429,3449,3581,3850,388,388,3991,4122,4232,4316,4398,4590,4931,4961,5028,5109,5190,5472,5501,5610,5627,5744,5817,5823,5831,6063,6112,6224,6233,6425,6676,6733,6740,702,7132,7164,7228,7338,7616,7640,7673,8038,8042,8078,8083,8093,8152,8314,834,839,84,8441,8544,8621,8660,8664,8695,8705,874,88,8876,8917,8927,9050,9213,9293,9306,9382,9474,9481,9687,9696,9773,9804,981,9841,9886,9934
10082,10154,10379,10411,10579,1063,10654,10747,10780,10783,10812,1086,10884,11171,11266,11308,11503,11563,11588,1163,1191,1235,1400,1499,1633,177,1787,1795,2005,2016,2078,222,2366,2434,252,2528,2647,2665,2778,2813,2817,2822,2824,2894,290,3084,3146,3295,3345,3446,3493,3520,3637,381,3876,3937,3945,395,4190,4197,4323,4499,4676,472,4765,4919,4977,511,5178,522,5401,5404,5433,5448,5568,5755,5871,5916,6050,628,6415,6524,6552,7075,7140,7156,7424,7462,7687,7798,7833,7834,7858,7883,7907,7921,7995,8046,8106,8113,8123,831,8462,8556,86,8657,8755,8819,882,8830,9006,9306,9392,9407,9511,9543,9639,9665,9738,9938,998
10132,1018,10428,10545,10635,10636,10840,10879,10893,11057,11223,11235,113,11387,11483,11557,1156,1190,1255,1374,1428,1677,170,184,1939,2066,2084,2164,2192,2210,2239,2371,2462,2616,2738,2741,2852,2992,3227,3293,337,3520,369,3775,3906,4063,4174,4325,4403,4436,4479,4563,4644,4702,4711,4798,4832,4900,499,5318,5488,557,5689,5693,5774,5870,5940,5981,6014,6063,6142,6233,6370,6510,6620,6720,6774,6786,6787,6812,686,6868,6873,6919,6925,6976,6984,7009,702,7023,7025,7237,7254,7266,7619,7750,7782,8020,8071,8099,8220,8230,8293,8355,838,8428,90,9179,9261,9407,9409,9463,9585,9596,9631,9723,973,9889,9943,9969,997
10158,10161,102,10243,10405,10421,10660,10874,10885,11000,11045,11061,11188,11202,11203,11322,11460,11510,11555,11580,11608,1210,1270,13,1460,1591,166,1791,1848,2053,2129,2164,2259,2291,2369,2557,261,2611,268,276,287,3196,3312,3442,3467,3679,3707,3801,3930,4000,4040,4113,4241,4294,4308,4318,4422,444,4455,450,4582,5092,5111,5119,5139,5147,519,5380,5507,5666,5773,5819,5875,59,5993,6046,6229,6247,6478,6578,6737,6769,6774,6964,710,7201,7237,7299,7411,7422,7518,7599,7611,7731,7757,7806,7811,8185,819,8345,8356,8482,8566,8576,8703,8789,8816,890,8905,9047,9246,9303,9412,9486,9652,9705,9803,9852,9855,9861,9977
10058,10088,10189,10324,10457,10523,10532,10545,1060,10819,10876,10904,11014,11025,1103,11440,11460,11564,11592,11617,1281,13,1446,1465,1511,1738,1767,1934,2081,2177,2213,2225,2261,2353,2479,266,2740,2912,2990,3024,3024,3074,3220,3302,3374,346,3499,3610,3982,4048,4071,4318,4350,4433,4518,4592,4610,4656,4672,4855,5080,5564,582,5820,5872,5884,5969,6130,6154,6248,636,6399,6499,6534,6619,6771,6792,680,6811,6832,7139,7180,7201,7226,7258,7334,7363,7453,7562,7609,7655,7760,7782,7791,7831,791,7922,7994,8112,8129,8322,8401,8424,8484,8503,8575,8659,8661,8663,8681,893,8932,8950,9311,9334,9427,9445,9613,9680,9714,9961
10064,10090,10109,10114,10146,10216,10273,10317,10447,10526,10555,10958,10963,11037,11119,11211,11237,11281,11298,11361,11444,11547,1221,1226,1278,1356,1406,1454,1514,1614,1663,1763,1891,1904,1906,204,2192,2271,2307,2309,2371,2442,2616,2657,266,2685,2728,2955,2978,3075,343,3450,3516,3557,3560,3643,3698,3736,3825,3860,390,4053,422,4306,4314,4341,439,4687,5160,5258,5393,5458,5542,5557,5594,5854,5887,6135,618,6227,6232,6246,642,6659,6743,6891,7070,7071,7073,709,7220,7221,731,7370,7429,7439,7497,754,7649,7733,7800,7901,7983,8226,8243,8256,8304,8405,8525,8886,8919,9027,9043,9047,9100,9152,9401,952,9615,9633,9883
10028,10076,10195,10488,10653,10699,10890,11009,11056,11070,11157,1124,11299,11364,11592,1283,139,1601,1623,190,2090,2269,2447,2459,2512,2531,2540,2547,2552,2719,2732,2734,2778,28,2809,2861,2936,3027,3184,3228,3284,334,3421,3502,3554,3612,3678,3794,39,3976,4022,4109,427,4394,4417,4669,469,4697,4761,4845,4907,4956,5010,5259,5478,562,5707,5874,6080,6155,627,6427,6454,6582,6598,6627,6707,6763,6948,697,6998,7063,7097,7314,7317,7344,738,7422,7424,755,7728,777,7813,7847,787,8076,8116,8345,8350,8361,8383,8410,8586,8606,8618,8692,8723,8814,8854,8979,9060,9176,9439,9538,9560,9657,9699,9756,9846,9852,9859
1012,10141,10220,10384,10407,10561,10639,10655,10696,10841,10859,10877,109,11208,1126,1142,11422,11492,128,1309,1390,144,1517,1579,2007,2034,2097,2106,2244,229,2293,2344,2347,2439,246,252,2639,2657,266,2709,275,2855,2875,3070,3206,3268,3379,3390,3492,3548,3566,3630,3660,3775,3791,3840,4017,4126,4164,4191,4221,4700,4915,4938,5057,5071,5162,5199,5214,5243,5348,5464,5601,5621,5762,6103,6128,6237,6366,6367,6390,6460,6465,6600,6673,6769,6794,6898,7192,7320,7462,7715,7760,7767,7803,7870,7899,7919,7954,7992,7996,8143,8143,8183,8333,8574,8675,8684,877,8785,8818,8951,8953,9184,9214,9446,9581,9791,9868,9942,998
100,1000,10515,10685,10829,10844,11124,11186,11194,11219,11267,1137,11375,1170,1283,1348,1357,1429,1451,1658,1931,2020,2050,2067,2133,2150,2216,2401,2450,2547,2585,2592,2784,2814,285,2852,3011,3018,309,3228,3361,3498,3656,3664,3702,3719,3745,3798,392,4050,4077,4115,4209,422,4263,427,4326,4350,4354,4416,4466,4740,4747,4846,4849,490,529,5355,5465,575,5860,5921,5936,5971,6165,6209,6334,6528,654,6715,6779,6821,6889,70,703,7089,7152,7237,7343,7433,7663,7702,7847,7990,8018,802,8070,8421,8457,847,8503,8696,8803,8885,9023,9200,9266,928,940,9434,9446,9603,961,9648,9673,9701,9716,9824,9912,9922,9968
10101,103,10333,1034,10484,10568,10694,10710,10887,10969,11,11017,11208,114,11518,11571,11581,1163,1204,1213,131,1403,1631,172,1941,1969,2093,2228,2550,2594,2604,27,2849,288,2930,2991,3006,3033,3093,3369,3555,3608,3838,3904,3998,4077,4190,449,4540,4635,4810,4981,5049,520,5213,5370,5376,5451,5474,5478,5581,5784,5854,597,6004,6190,6222,626,6265,63,6327,6343,6571,6574,66,6727,6854,7091,720,7375,7440,7441,7542,7599,7783,7857,7867,7904,7940,7980,8195,8225,8272,8347,8376,8439,8469,861,8693,8724,8761,8771,8846,8940,8942,8981,8988,9006,9092,9114,9255,9291,937,9482,9563,9603,9605,9841,9956,9965,9983
10055,10101,10111,10329,10372,1042,10576,10611,10653,1070,10754,10786,10919,10949,11135,11222,11255,11304,11326,11360,11433,11461,11585,11621,1612,162,1743,1746,187,1962,2163,2251,233,247,2625,2630,2782,2825,2917,2953,3009,3022,3048,3193,3238,3570,3580,3658,373,3815,3901,3924,3960,3992,4012,4036,410,4101,4324,4432,4528,4659,4659,4710,4711,4790,4953,4978,515,5290,5638,5666,5892,5928,6089,6109,6158,6343,639,6464,6472,663,6759,6771,6874,6887,6931,699,7001,7054,709,7160,7232,7541,7611,7755,781,8012,8031,8055,8083,8107,8214,8223,8231,8242,8527,9107,9165,9190,939,9406,9466,9588,9638,9713,9743,9763,9890,9947,9958
10056,1009,10099,10118,1017,10189,10245,103,10487,10700,10705,10996,11075,11100,11188,11248,11285,11373,11460,11561,1159,1225,1263,1289,1448,1461,1631,182,1898,1899,21,2103,215,2183,2248,24,2446,2460,2480,2728,2750,2935,2997,305,308,3140,3216,3251,329,352,3697,3724,3812,3832,3983,3984,4047,4104,4267,432,4589,4619,4631,4652,4720,4820,4879,4909,5057,5114,5246,5263,5273,5292,5345,5399,542,5468,5478,5650,5681,5851,5969,6038,6236,6298,6366,6367,6497,6836,7102,7526,760,7699,7859,7885,7894,792,8294,8367,8439,8480,8487,8488,8761,8877,8959,9064,910,9109,9161,925,9259,9263,9374,9377,9404,9435,9436,967,9963
10052,10091,10107,10346,10590,10743,10838,10916,10918,11044,11430,11434,1153,11629,11631,1253,1297,1469,1562,1693,1870,1906,1919,1927,2178,2191,2301,2343,2356,2518,2531,2537,26,2673,2757,281,2816,3009,3023,317,3179,3273,3312,3466,3497,3525,3562,3749,3845,3852,4115,4219,4287,4308,4309,4414,4504,451,4513,4712,4741,4803,4847,5159,5189,5233,5270,5371,5425,5464,5821,6094,6131,6138,6147,6233,6257,6271,6331,640,6524,6557,6573,6759,6922,6954,6967,6976,6978,7118,7223,7414,7561,7594,7697,7895,7938,7941,8129,8136,8326,8385,8483,8515,8554,8574,8651,8945,9055,9099,9151,9156,9160,9263,9292,9308,9339,9368,9487,9732,9985
10161,10274,10285,10316,10388,10453,10469,10550,10770,10872,10919,1095,11148,11242,11256,11396,11633,11635,1449,1825,2202,2238,2257,2275,2311,2344,2394,2487,2523,2581,2583,265,2716,285,2880,2897,2997,3018,3054,3064,3069,3112,3493,356,3619,3737,3805,3817,3941,3997,4013,4032,4092,4148,4156,4347,4371,443,4434,4477,4593,4681,473,4735,5030,5283,5407,5506,551,5729,5937,5947,599,615,6172,6182,633,649,6591,668,7040,7060,7338,7377,7478,7563,7766,7795,781,7853,7906,7983,7989,7991,8314,8339,8379,8419,846,875,8797,8861,8928,8978,9180,9185,9316,9329,9355,9524,9597,9640,9659,9680,9721,9780,9830,9848,9946,9946,9972
10196,10230,10371,10459,10830,10973,1102,11090,11097,1121,11212,1133,11342,11358,11480,11627,1249,1292,1298,1544,1600,1663,1718,1849,197,2213,2251,2313,2395,2440,2460,2950,2955,3193,3393,3414,3450,3586,3602,3603,3616,3733,3785,3823,4006,4215,4267,4293,431,4380,4413,4492,4495,4623,4699,4782,4887,49,4975,5039,5092,5123,5394,5450,5513,5560,5664,6266,6481,6801,6831,6834,6838,7232,724,7317,7495,7506,7723,7737,7864,8024,8183,8308,8334,8339,8348,8452,8456,8459,856,8585,8825,8844,8887,8897,8915,8972,8981,8986,9007,9024,9070,9135,9170,9177,9229,9231,9236,9307,9329,9476,9486,9496,9595,9694,9706,9799,9845,991,9952
10139,10180,10198,10267,10273,10404,10485,10487,10494,10592,10670,10855,10893,1098,11069,11089,11128,11347,11353,11500,11551,1179,1187,1247,1248,1252,1271,1326,1362,140,1578,1636,1660,1714,1795,186,1903,1991,2248,2305,2409,2428,2587,2696,2961,2974,3000,3142,3195,3253,3259,3293,3308,3314,3687,3900,3901,3909,4005,4219,4283,4304,437,4746,4804,49,4911,4916,5198,5355,5358,5396,5481,5527,5591,5615,5721,5916,608,626,6333,6515,6767,6850,6877,7016,7024,7061,7081,7331,7335,7359,758,7880,7945,7969,815,8238,828,8440,8564,8603,8786,8813,8935,9050,9065,918,9275,935,9457,951,9597,9631,9689,9744,9745,9877,988,9938,998
10056,10138,1026,10386,10683,11029,11238,11410,11476,11487,1335,1438,1632,1645,1664,168,1691,1755,1802,1823,1920,1929,2108,2163,2303,2350,2461,2481,2570,2990,303,3075,3075,3147,3217,3254,3420,3541,3600,3611,3703,3712,3766,3781,400,408,4139,4326,4457,4485,4486,4504,4515,4567,4567,4572,4746,4847,4907,4952,4972,5030,5132,5640,5735,5768,5798,6013,6027,6106,6175,6268,6282,6304,6380,648,6548,6591,6607,6646,6684,6689,687,6892,6938,6958,7051,7106,7259,7293,7335,7406,7505,7538,7674,770,7771,7828,7849,7927,8279,8285,83,8525,8640,8680,8791,9032,9066,9186,9212,9321,9354,9511,9522,9531,9588,9625,968,976,9842
